Workbook

Sheet Resumen
A1: SIGEVIP — Métrica de Puntos de Casos de Uso (UCP)
A4: Métrica | B4: UAW | C4: UUCW | D4: UUCP | E4: TCF | F4: ECF | G4: UCP | H4: Escenario probable
A5: Resultado | B5: =Actores!G6 -> 3 | C5: =Casos_Uso!H9 -> 0 | D5: =B5+C5 -> 3 | E5: =Factores_Tecnicos!F18 -> 0.89 | F5: =Factores_Ambientales!F13 -> 1.07 | G5: =D5*E5*F5 -> 2.8569 | H5: =Resultado!C12 -> Esfuerzo (h)
A7: Alcance medido: requerimiento core «Cargar viáticos, enviar a rendición y aprobar viaje» (RF20–RF32).
A9: Escenario | B9: Horas/UCP | C9: Esfuerzo estimado | D9: Semanas a 20 h/semana
A10: Optimista | B10: 8 | C10: =$G$5*B10 -> 22.8552 | D10: =C10/20 -> 1.14276
A11: Probable | B11: 10 | C11: =$G$5*B11 -> 28.569 | D11: =C11/20 -> 1.42845
A12: Conservador | B12: 15 | C12: =$G$5*B12 -> 42.8535 | D12: =C12/20 -> 2.142675
A13: Referencia clásica | B13: 20 | C13: =$G$5*B13 -> 57.138 | D13: =C13/20 -> 2.8569
A15: Uso: modifique únicamente las celdas amarillas. Las verdes contienen fórmulas automáticas.

Sheet Alcance
A1: Alcance, criterios y supuestos de la métrica
A4: Elemento | B4: Definición aplicada
A5: Sistema | B5: SIGEVIP — Sistema de Gestión de Viajes y Viáticos con Registro de Visitas.
A6: Funcionalidad analizada | B6: Carga de viáticos, envío a rendición, revisión y aprobación del viaje.
A7: Requisitos | B7: RF20 a RF32; consultas vinculadas RF34 y RF36 solo como apoyo del flujo.
A8: Unidad de conteo | B8: Un caso de uso core complejo. Los subprocesos no se cuentan por separado para evitar doble conteo.
A9: Definición de transacción | B9: Interacción completa entre actor y sistema que produce una validación, consulta o modificación observable.
A10: Arquitectura considerada | B10: Aplicación de escritorio WinForms, SQL Server local, ADO.NET y arquitectura por capas.
A11: Incluido | B11: Análisis, diseño, Domain, Application, persistencia, WinForms, pruebas y documentación de la iteración.
A12: Excluido | B12: Arquitectura inicial, Clientes, Viajes/Visitas previos, auditoría general posterior, instalador, mapas y servicios externos.
A13: Productividad | B13: Se presentan escenarios porque no existe una base histórica formal de horas por UCP.

Sheet Actores
A1: Conteo de actores — Unadjusted Actor Weight (UAW)
A4: Código | B4: Actor | C4: Descripción | D4: Tipo | E4: Peso | F4: Cantidad | G4: Subtotal | H4: Justificación
A5: ACT-01 | B5: Administrativo | C5: Carga viáticos y envía el viaje a rendición. | D5: Complejo | E5: 3 | F5: 1 | G5: =E5*F5 -> 3 | H5: Persona que utiliza interfaz gráfica WinForms.
A6: ACT-02 | B6: Gerente | C6: Revisa, excluye/reactiva gastos, ajusta anticipo y aprueba/cancela. | D6: Complejo | E6: 3 | F6: 1 | G6: =E6*F6 -> 3 | H6: Persona que utiliza interfaz gráfica WinForms.
A7: Total UAW | G7: =SUM(G5:G6) -> 6

Sheet Casos_Uso
A1: Conteo de casos de uso — Unadjusted Use Case Weight (UUCW)
A4: Código | B4: Caso / subproceso | C4: Transacciones | D4: Complejidad | E4: Peso | F4: Cantidad | G4: Incluir (1/0) | H4: Subtotal | I4: Observación
A5: UC-CORE-01 | B5: Cargar viáticos, enviar a rendición y aprobar viaje | C5: 13 | D5: =IF(C5<=3,"Simple",IF(C5<=7,"Media","Compleja")) -> Compleja | E5: =IF(C5<=3,5,IF(C5<=7,10,15)) -> 15 | F5: 1 | G5: 1 | H5: =E5*F5*G5 -> 15 | I5: Caso de uso core contado de manera integral.
A6: SP-01 | B6: Registrar o modificar viático y comprobante | C6: 7 | D6: =IF(C6<=3,"Simple",IF(C6<=7,"Media","Compleja")) -> Media | E6: =IF(C6<=3,5,IF(C6<=7,10,15)) -> 10 | F6: 1 | G6: 0 | H6: =E6*F6*G6 -> 0 | I6: Subproceso incluido en UC-CORE-01; no se suma para evitar doble conteo.
A7: SP-02 | B7: Enviar viaje a rendición | C7: 4 | D7: =IF(C7<=3,"Simple",IF(C7<=7,"Media","Compleja")) -> Media | E7: =IF(C7<=3,5,IF(C7<=7,10,15)) -> 10 | F7: 1 | G7: 0 | H7: =E7*F7*G7 -> 0 | I7: Subproceso incluido en UC-CORE-01.
A8: SP-03 | B8: Revisar, excluir/reactivar y ajustar anticipo | C8: 7 | D8: =IF(C8<=3,"Simple",IF(C8<=7,"Media","Compleja")) -> Media | E8: =IF(C8<=3,5,IF(C8<=7,10,15)) -> 10 | F8: 1 | G8: 0 | H8: =E8*F8*G8 -> 0 | I8: Subproceso incluido en UC-CORE-01.
A9: SP-04 | B9: Aprobar o cancelar y mostrar saldo final | C9: 5 | D9: =IF(C9<=3,"Simple",IF(C9<=7,"Media","Compleja")) -> Media | E9: =IF(C9<=3,5,IF(C9<=7,10,15)) -> 10 | F9: 1 | G9: 0 | H9: =E9*F9*G9 -> 0 | I9: Subproceso incluido en UC-CORE-01.
A10: Total UUCW | H10: =SUM(H5:H9) -> 15
A13: N.º | B13: Transacción
A14: 1 | B14: El Administrativo selecciona un Viaje en estado Abierto.
A15: 2 | B15: El sistema recupera y muestra el detalle del Viaje y sus Viáticos.
A16: 3 | B16: El Administrativo inicia el registro de un Viático.
A17: 4 | B17: El sistema valida fecha, categoría, método de pago, importe y descripción.
A18: 5 | B18: El sistema valida la persona pagadora cuando el método lo requiere.
A19: 6 | B19: El sistema valida y registra el comprobante o la justificación por su ausencia.
A20: 7 | B20: El sistema guarda el Viático y actualiza el total gastado.
A21: 8 | B21: El Administrativo envía el Viaje a rendición.
A22: 9 | B22: El sistema valida el estado y bloquea modificaciones posteriores.
A23: 10 | B23: El Gerente consulta y revisa el detalle integral de la Rendición.
A24: 11 | B24: El Gerente excluye o reactiva Viáticos y, cuando corresponde, ajusta el anticipo.
A25: 12 | B25: El Gerente aprueba o cancela la Rendición.
A26: 13 | B26: El sistema registra la auditoría, actualiza el estado y calcula el saldo final.

Sheet Transacciones
A1: N.º | B1: Transacción
A2: 1 | B2: El Administrativo selecciona un Viaje en estado Abierto.
A3: 2 | B3: El sistema recupera y muestra el detalle del Viaje y sus Viáticos.
A4: 3 | B4: El Administrativo inicia el registro de un Viático.
A5: 4 | B5: El sistema valida fecha, categoría, método de pago, importe y descripción.
A6: 5 | B6: El sistema valida la persona pagadora cuando el método lo requiere.
A7: 6 | B7: El sistema valida y registra el comprobante o la justificación por su ausencia.
A8: 7 | B8: El sistema guarda el Viático y actualiza el total gastado.
A9: 8 | B9: El Administrativo envía el Viaje a rendición.
A10: 9 | B10: El sistema valida el estado y bloquea modificaciones posteriores.
A11: 10 | B11: El Gerente consulta y revisa el detalle integral de la Rendición.
A12: 11 | B12: El Gerente excluye o reactiva Viáticos y, cuando corresponde, ajusta el anticipo.
A13: 12 | B13: El Gerente aprueba o cancela la Rendición.
A14: 13 | B14: El sistema registra la auditoría, actualiza el estado y calcula el saldo final.

Sheet Factores_Tecnicos
A1: Factores técnicos — Technical Complexity Factor (TCF)
A4: ID | B4: Factor | C4: Peso | D4: Valor (0-5) | E4: Justificación SIGEVIP | F4: Ponderado
A5: T1 | B5: Sistema distribuido | C5: 2 | D5: 0 | E5: Aplicación de escritorio y base local. | F5: =C5*D5 -> 0
A6: T2 | B6: Objetivos de tiempo de respuesta | C6: 1 | D6: 2 | E6: Se requiere respuesta fluida, sin SLA estricto. | F6: =C6*D6 -> 2
A7: T3 | B7: Eficiencia del usuario final | C7: 1 | D7: 4 | E7: Operaciones frecuentes y formularios orientados a tarea. | F7: =C7*D7 -> 4
A8: T4 | B8: Procesamiento interno complejo | C8: 1 | D8: 4 | E8: Estados, reglas, transacciones y cálculos de saldo. | F8: =C8*D8 -> 4
A9: T5 | B9: Código reutilizable | C9: 1 | D9: 4 | E9: Arquitectura por capas, servicios y repositorios reutilizables. | F9: =C9*D9 -> 4
A10: T6 | B10: Facilidad de instalación | C10: 0.5 | D10: 2 | E10: Requiere .NET Framework y SQL Server configurado. | F10: =C10*D10 -> 1
A11: T7 | B11: Facilidad de uso | C11: 0.5 | D11: 4 | E11: WinForms, permisos visuales y validaciones. | F11: =C11*D11 -> 2
A12: T8 | B12: Portabilidad | C12: 2 | D12: 1 | E12: Limitado a Windows y SQL Server. | F12: =C12*D12 -> 2
A13: T9 | B13: Facilidad de cambio | C13: 1 | D13: 4 | E13: Separación por capas y pruebas de regresión. | F13: =C13*D13 -> 4
A14: T10 | B14: Concurrencia | C14: 1 | D14: 0 | E14: Aplicación monousuario. | F14: =C14*D14 -> 0
A15: T11 | B15: Características especiales de seguridad | C15: 1 | D15: 5 | E15: Autenticación, PBKDF2, grupos, permisos y auditoría. | F15: =C15*D15 -> 5
A16: T12 | B16: Acceso directo de terceros | C16: 1 | D16: 0 | E16: Sin integraciones externas en el MVP. | F16: =C16*D16 -> 0
A17: T13 | B17: Capacitación especial del usuario | C17: 1 | D17: 1 | E17: Requiere instrucción operativa breve. | F17: =C17*D17 -> 1
A18: TCF = 0,6 + 0,01 × suma ponderada | F18: =0.6+0.01*SUM(F5:F17) -> 0.89

Sheet Factores_Ambientales
A1: Factores ambientales — Environmental Complexity Factor (ECF)
A4: ID | B4: Factor | C4: Peso | D4: Valor (0-5) | E4: Justificación SIGEVIP | F4: Ponderado
A5: E1 | B5: Familiaridad con el proceso de desarrollo | C5: 1.5 | D5: 2 | E5: Proyecto universitario; experiencia en crecimiento. | F5: =C5*D5 -> 3
A6: E2 | B6: Experiencia en la aplicación o dominio | C6: 0.5 | D6: 3 | E6: Conocimiento funcional del negocio agrocomercial. | F6: =C6*D6 -> 1.5
A7: E3 | B7: Experiencia en orientación a objetos | C7: 1 | D7: 3 | E7: Uso de C#, SOLID simplificado y patrones. | F7: =C7*D7 -> 3
A8: E4 | B8: Capacidad del analista líder | C8: 0.5 | D8: 3 | E8: Un único responsable de análisis, desarrollo y documentación. | F8: =C8*D8 -> 1.5
A9: E5 | B9: Motivación | C9: 1 | D9: 5 | E9: Proyecto académico prioritario y con objetivo de defensa. | F9: =C9*D9 -> 5
A10: E6 | B10: Estabilidad de requisitos | C10: 2 | D10: 2 | E10: Existieron contradicciones y ajustes durante el desarrollo. | F10: =C10*D10 -> 4
A11: E7 | B11: Personal de tiempo parcial | C11: -1 | D11: 5 | E11: Desarrollo realizado fuera del horario principal. | F11: =C11*D11 -> -5
A12: E8 | B12: Dificultad del lenguaje | C12: -1 | D12: 2 | E12: C# y .NET Framework conocidos, con complejidad moderada. | F12: =C12*D12 -> -2
A13: ECF = 1,4 - 0,03 × suma ponderada | F13: =1.4-0.03*SUM(F5:F12) -> 1.07

Sheet Resultado
A1: Resultado, estimación de esfuerzo y distribución
A4: Concepto | B4: Valor
A5: UAW — Peso de actores | B5: =Actores!G7 -> 6
A6: UUCW — Peso de casos de uso | B6: =Casos_Uso!H10 -> 15
A7: UUCP — Puntos no ajustados | B7: =B5+B6 -> 21
A8: TCF — Factor técnico | B8: =Factores_Tecnicos!F18 -> 0.89
A9: ECF — Factor ambiental | B9: =Factores_Ambientales!F13 -> 1.07
A10: UCP — Puntos de casos de uso | B10: =B7*B8*B9 -> 19.9983
A12: Escenario | B12: Horas/UCP | C12: Esfuerzo (h) | D12: Semanas a 20 h | E12: Semanas a 40 h | F12: Uso recomendado
A13: Optimista | B13: 8 | C13: =$B$10*B13 -> 159.9864 | D13: =C13/20 -> 7.99932 | E13: =C13/40 -> 3.99966 | F13: Alcance estable y alto reuso.
A14: Probable | B14: 10 | C14: =$B$10*B14 -> 199.983 | D14: =C14/20 -> 9.99915 | E14: =C14/40 -> 4.999575 | F14: Valor principal para el cronograma académico.
A15: Conservador | B15: 15 | C15: =$B$10*B15 -> 299.9745 | D15: =C15/20 -> 14.998725 | E15: =C15/40 -> 7.4993625 | F15: Mayor retrabajo y documentación.
A16: Referencia clásica | B16: 20 | C16: =$B$10*B16 -> 399.966 | D16: =C16/20 -> 19.9983 | E16: =C16/40 -> 9.99915 | F16: Referencia metodológica; no calibrada con datos propios.
A18: Fase / hito | B18: % del esfuerzo | C18: Horas probables | D18: Semana inicio | E18: Semana fin
A19: Análisis y alcance | B19: 0.1 | C19: =$C$14*B19 -> 19.9983 | D19: 1 | E19: 1
A20: Diseño de dominio, contratos e interfaz | B20: 0.15 | C20: =$C$14*B20 -> 29.99745 | D20: 2 | E20: 2
A21: Implementación Domain y Application | B21: 0.2 | C21: =$C$14*B21 -> 39.9966 | D21: 3 | E21: 4
A22: Persistencia y transacciones SQL | B22: 0.2 | C22: =$C$14*B22 -> 39.9966 | D22: 5 | E22: 5
A23: Interfaz WinForms e integración | B23: 0.15 | C23: =$C$14*B23 -> 29.99745 | D23: 6 | E23: 6
A24: Pruebas, correcciones y validación | B24: 0.15 | C24: =$C$14*B24 -> 29.99745 | D24: 7 | E24: 7
A25: Documentación y cierre | B25: 0.05 | C25: =$C$14*B25 -> 9.99915 | D25: 8 | E25: 8
A26: TOTAL | B26: =SUM(B19:B25) -> 1 | C26: =SUM(C19:C25) -> 199.983

Sheet Cronograma
A1: Distribución temporal de la estimación probable
A4: Hito | B4: Semana inicio | C4: Semana fin | D4: % | E4: Horas estimadas | F4: Entregable | G4: Evidencia
A5: Análisis y alcance | B5: 1 | C5: 1 | D5: 0.1 | E5: =Resultado!$C$14*D5 -> 19.9983 | F5: Requisitos y reglas consolidadas | G5: RF20–RF32 y alcance UCP
A6: Diseño | B6: 2 | C6: 2 | D6: 0.15 | E6: =Resultado!$C$14*D6 -> 29.99745 | F6: Modelo, contratos, SQL e interfaz | G6: Diagramas y decisiones
A7: Domain y Application | B7: 3 | C7: 4 | D7: 0.2 | E7: =Resultado!$C$14*D7 -> 39.9966 | F7: Entidades, servicios y autorización | G7: Código y pruebas unitarias
A8: Persistencia | B8: 5 | C8: 5 | D8: 0.2 | E8: =Resultado!$C$14*D8 -> 39.9966 | F8: Migración y repositorios ADO.NET | G8: Pruebas de integración
A9: WinForms e integración | B9: 6 | C9: 6 | D9: 0.15 | E9: =Resultado!$C$14*D9 -> 29.99745 | F9: Formularios y navegación | G9: Validación funcional
A10: Pruebas y correcciones | B10: 7 | C10: 7 | D10: 0.15 | E10: =Resultado!$C$14*D10 -> 29.99745 | F10: Regresión y correcciones | G10: Resultado VSTest
A11: Documentación y cierre | B11: 8 | C11: 8 | D11: 0.05 | E11: =Resultado!$C$14*D11 -> 9.99915 | F11: Trazabilidad e instructivo | G11: Commit de cierre
A12: TOTAL | D12: =SUM(D5:D11) -> 1 | E12: =SUM(E5:E11) -> 199.983

Sheet Fuentes
A1: Fuentes y trazabilidad de la estimación
A4: Fuente | B4: Ubicación / referencia | C4: Uso en la métrica | D4: Observación
A5: Consigna de evaluación | B5: Evaluación Parcial N° I - Práctica (1).pdf | C5: Exige al menos una métrica, proceso de conteo, alcance y estimación temporal. | D5: Fuente académica principal de la exigencia.
A6: Trabajo de Diploma | B6: Trabajo de Diploma Completo.docx — RF20 a RF32 | C6: Define el requerimiento core, actores, flujo y validaciones. | D6: La medición se limita a esta funcionalidad.
A7: Documento técnico | B7: docs/15-modulo-viaticos-rendiciones.md | C7: Confirma alcance implementado, reglas, capas y operaciones. | D7: Evidencia técnica.
A8: Documento de pruebas | B8: docs/16-pruebas-viaticos-rendiciones.md | C8: Confirma actividades de prueba y validación incluidas en el esfuerzo. | D8: Evidencia de calidad.
A9: Git | B9: Commit 61924b7 — Actualizo documentación transversal de viáticos | C9: Cierre técnico del módulo medido. | D9: Referencia histórica.
A10: Git | B10: Commit 5c16c08 — Completo auditoría transaccional de rendiciones | C10: Línea base actual del proyecto. | D10: No forma parte del alcance estimado, salvo integración previa.
A11: Método | B11: Use Case Points (Karner) | C11: Pesos de actores, casos de uso y fórmulas TCF/ECF. | D11: Valores editables y auditables en la planilla.
